<?xml version="1.0" encoding="UTF-8"?>
<databaseChangeLog xmlns="http://www.liquibase.org/xml/ns/dbchangelog"
                   xmlns:xsi="http://www.w3.org/2001/XMLSchema-instance"
                   xsi:schemaLocation="http://www.liquibase.org/xml/ns/dbchangelog
                   https://www.liquibase.org/xml/ns/dbchangelog/dbchangelog-latest.xsd">

    <changeSet id="drop-agreement-table" author="sirotina">
        <preConditions onFail="MARK_RAN">
            <tableExists tableName="agreements"/>
        </preConditions>
        <rollback>
            <dropTable tableName="agreements"/>
        </rollback>
    </changeSet>

    <changeSet id="drop-product-table" author="sirotina">
        <preConditions onFail="MARK_RAN">
            <tableExists tableName="products"/>
        </preConditions>
        <rollback>
            <dropTable tableName="products"/>
        </rollback>
    </changeSet>


    <changeSet id="drop-transaction-table" author="sirotina">
        <preConditions onFail="MARK_RAN">
            <tableExists tableName="transactions"/>
        </preConditions>
        <rollback>
            <dropTable tableName="transactions"/>
        </rollback>
    </changeSet>

    <changeSet id="drop-account-table" author="sirotina">
        <preConditions onFail="MARK_RAN">
            <tableExists tableName="accounts"/>
        </preConditions>
        <rollback>
            <dropTable tableName="accounts"/>
        </rollback>
    </changeSet>

    <changeSet id="drop-client-table" author="sirotina">
        <preConditions onFail="MARK_RAN">
            <tableExists tableName="clients"/>
        </preConditions>
        <rollback>
            <dropTable tableName="clients"/>
        </rollback>
    </changeSet>

    <changeSet id="drop-manager-table" author="sirotina">
        <preConditions onFail="MARK_RAN">
            <tableExists tableName="managers"/>
        </preConditions>
        <rollback>
            <dropTable tableName="managers"/>
        </rollback>
    </changeSet>

</databaseChangeLog>